{
    "theme_color": "#55861e",
    "background_color": "#7a83ba",
    "display": "standalone",
    "scope": "/",
    "start_url": "/",
    "name": "Vlook",
    "short_name": "vlook",
    "description": "Real Estate App",
    "icons": [
        {
            "src": "/images/icon-192x192.png",
            "sizes": "192x192",
            "type": "image/png",
            "purpose": "any maskable"
        },
        {
            "src": "/images/icon-256x256.png",
            "sizes": "256x256",
            "type": "image/png"
        },
        {
            "src": "/images/icon-384x384.png",
            "sizes": "384x384",
            "type": "image/png"
        },
        {
            "src": "/images/icon-512x512.png",
            "sizes": "512x512",
            "type": "image/png"
        }
    ]
}