{
    "loginOptions": [
        {
            "value": "agent",
            "label": "Agent"
        },
        {
            "value": "owner",
            "label": "Owner"
        },
        {
            "value": "tenant",
            "label": "Tenant"
        }
    ],
    "propertyType": [
        {
            "value": 1,
            "label": "ForSale",
            "key": 0
        },
        {
            "value": 2,
            "label": "ForRent",
            "key": 0
        }
    ],
    "categories": [
        {
            "value": 1,
            "label": "Residential",
            "key": 0
        },
        {
            "value": 2,
            "label": "Commercial",
            "key": 0
        }
    ],
    "subCategories": [
        {
            "value": 1,
            "label": "Villa",
            "key": 1
        },
        {
            "value": 2,
            "label": "Appartment",
            "key": 1
        },
        {
            "value": 3,
            "label": "Residential Floor",
            "key": 1
        },
        {
            "value": 4,
            "label": "Residential Plot",
            "key": 1
        },
        {
            "value": 5,
            "label": "Townhouse",
            "key": 1
        },
        {
            "value": 6,
            "label": "Residential Building",
            "key": 1
        },
        {
            "value": 7,
            "label": "Penthouse",
            "key": 1
        },
        {
            "value": 8,
            "label": "Villa Compund",
            "key": 1
        },
        {
            "value": 9,
            "label": "Hotel Apartment",
            "key": 1
        },
        {
            "value": 10,
            "label": "Office",
            "key": 2
        },
        {
            "value": 11,
            "label": "Shop",
            "key": 2
        },
        {
            "value": 12,
            "label": "WareHouse  ",
            "key": 2
        },
        {
            "value": 13,
            "label": " Factory",
            "key": 2
        },
        {
            "value": 14,
            "label": "Labour Camp",
            "key": 2
        },
        {
            "value": 15,
            "label": "Commercial Building",
            "key": 2
        },
        {
            "value": 16,
            "label": "Other Commercial",
            "key": 2
        },
        {
            "value": 17,
            "label": "Commercial Floor",
            "key": 2
        },
        {
            "value": 18,
            "label": "Commercial Plot",
            "key": 2
        },
        {
            "value": 19,
            "label": "Bulk Unit",
            "key": 2
        },
        {
            "value": 20,
            "label": "Industrial land",
            "key": 2
        },
        {
            "value": 21,
            "label": "Mixed use Land",
            "key": 2
        },
        {
            "value": 22,
            "label": "Showroom",
            "key": 2
        },
        {
            "value": 23,
            "label": "Commercial Villa",
            "key": 2
        }
    ]
}