[
        {
            "id": "602380ef2349dcc1839ce933",
            "guid": "bae3ab5d-7450-463d-8923-bdb04319c17d",
            "isActive": true,
            "balance": "$2,614.07",
            "age": 25,
            "eyeColor": "brown",
            "firstName": "Kirk",
            "lastName": "Ball",
            "company": "GALLAXIA",
            "email": "kirk.ball@gallaxia",
            "phone": "+1 (849) 598-2563",
            "mobile": "(860) 592-2967",
            "address": "491 Village Court, Unionville, Missouri, 5101",
            "registered": "Wednesday, December 3, 2014 5:39 AM",
            "latitude": "-80.290269",
            "longitude": "-26.605219"
        },
        {
            "id": "602380efa980864935b8f39c",
            "guid": "939e9d50-09a8-4a09-bbd3-3cb1c432e2e7",
            "isActive": false,
            "balance": "$3,436.88",
            "age": 38,
            "eyeColor": "brown",
            "firstName": "Flossie",
            "lastName": "Livingston",
            "company": "LUMBREX",
            "email": "flossie.livingston@lumbrex",
            "phone": "+1 (917) 495-2750",
            "mobile": "(966) 537-2372",
            "address": "165 Bond Street, Martell, Tennessee, 9905",
            "registered": "Thursday, March 13, 2014 12:53 PM",
            "latitude": "18.145156",
            "longitude": "-26.54999"
        },
        {
            "id": "602380efd77a9488b4ac73b0",
            "guid": "d351e322-bc88-4240-8442-4867a94f1237",
            "isActive": false,
            "balance": "$1,248.26",
            "age": 35,
            "eyeColor": "blue",
            "firstName": "Winifred",
            "lastName": "Lloyd",
            "company": "HARMONEY",
            "email": "winifred.lloyd@harmoney",
            "phone": "+1 (859) 516-2948",
            "mobile": "(985) 560-2210",
            "address": "158 Danforth Street, Williamson, American Samoa, 8372",
            "registered": "Tuesday, January 10, 2017 8:17 PM",
            "latitude": "-53.124978",
            "longitude": "153.447512"
        },
        {
            "id": "602380efe66201b5898164f8",
            "guid": "791230bf-d329-4bac-b6aa-0bc32d415b0e",
            "isActive": false,
            "balance": "$1,250.10",
            "age": 26,
            "eyeColor": "brown",
            "firstName": "Sullivan",
            "lastName": "Munoz",
            "company": "KYAGURU",
            "email": "sullivan.munoz@kyaguru",
            "phone": "+1 (826) 526-2610",
            "mobile": "(977) 481-3411",
            "address": "496 Frost Street, Winchester, Wisconsin, 1445",
            "registered": "Thursday, July 3, 2014 3:45 PM",
            "latitude": "30.393768",
            "longitude": "156.418366"
        },
        {
            "id": "602380ef76b1055d49cf48b1",
            "guid": "9c6d8977-7fda-46ce-8be3-bbff83978768",
            "isActive": false,
            "balance": "$2,081.66",
            "age": 27,
            "eyeColor": "brown",
            "firstName": "Dionne",
            "lastName": "Stone",
            "company": "CORPORANA",
            "email": "dionne.stone@corporana",
            "phone": "+1 (805) 463-3112",
            "mobile": "(818) 532-2501",
            "address": "846 Railroad Avenue, Smock, South Carolina, 5449",
            "registered": "Saturday, February 1, 2014 8:17 AM",
            "latitude": "62.603818",
            "longitude": "48.245384"
        },
        {
            "id": "602380ef962c4c1115896b59",
            "guid": "013c1b05-582c-4590-9604-30f48fc57227",
            "isActive": false,
            "balance": "$3,131.92",
            "age": 28,
            "eyeColor": "blue",
            "firstName": "Laura",
            "lastName": "Bridges",
            "company": "LINGOAGE",
            "email": "laura.bridges@lingoage",
            "phone": "+1 (826) 567-3936",
            "mobile": "(836) 522-3068",
            "address": "346 Coyle Street, Guthrie, Pennsylvania, 9723",
            "registered": "Wednesday, March 11, 2015 3:49 PM",
            "latitude": "-69.757651",
            "longitude": "41.011046"
        },
        {
            "id": "602380efafcd5dd10c243f7c",
            "guid": "69b8f713-a2cc-47fd-9c2f-33c0ea439130",
            "isActive": true,
            "balance": "$1,737.78",
            "age": 21,
            "eyeColor": "blue",
            "firstName": "Alford",
            "lastName": "Grant",
            "company": "JUMPSTACK",
            "email": "alford.grant@jumpstack",
            "phone": "+1 (846) 472-3698",
            "mobile": "(885) 497-3931",
            "address": "163 Eldert Street, Lydia, Florida, 546",
            "registered": "Saturday, September 10, 2016 7:42 AM",
            "latitude": "-61.65769",
            "longitude": "-106.459465"
        },
        {
            "id": "602380ef33379a377c7a13e3",
            "guid": "e3627cf3-01ab-40e1-9d84-68b53f6ddcfb",
            "isActive": true,
            "balance": "$3,911.82",
            "age": 25,
            "eyeColor": "green",
            "firstName": "Fannie",
            "lastName": "Ryan",
            "company": "COMTEXT",
            "email": "fannie.ryan@comtext",
            "phone": "+1 (802) 534-2808",
            "mobile": "(823) 566-3040",
            "address": "532 Columbia Street, Cannondale, Louisiana, 6723",
            "registered": "Sunday, April 12, 2020 12:55 AM",
            "latitude": "7.152863",
            "longitude": "-176.707692"
        },
        {
            "id": "602380ef23c1e53365773b59",
            "guid": "6704bb5f-63cc-4ff2-a6b4-dd7af74dfcb8",
            "isActive": true,
            "balance": "$1,186.35",
            "age": 24,
            "eyeColor": "blue",
            "firstName": "Kelley",
            "lastName": "Whitney",
            "company": "WRAPTURE",
            "email": "kelley.whitney@wrapture",
            "phone": "+1 (980) 528-2898",
            "mobile": "(838) 530-3698",
            "address": "983 Bogart Street, Yardville, Georgia, 9075",
            "registered": "Saturday, April 18, 2015 6:11 AM",
            "latitude": "-56.251093",
            "longitude": "22.304984"
        },
        {
            "id": "602380ef998dd4bb0fc8540b",
            "guid": "c0e267af-9895-4d7d-927d-676cc9f8d596",
            "isActive": false,
            "balance": "$3,809.81",
            "age": 35,
            "eyeColor": "brown",
            "firstName": "Gracie",
            "lastName": "Clements",
            "company": "ZBOO",
            "email": "gracie.clements@zboo",
            "phone": "+1 (885) 445-2069",
            "mobile": "(958) 429-3641",
            "address": "527 Wallabout Street, Camino, Hawaii, 6992",
            "registered": "Tuesday, March 11, 2014 11:57 PM",
            "latitude": "27.081853",
            "longitude": "64.49816"
        },
        {
            "id": "602380ef8f558aff11dc3f9f",
            "guid": "2c57a455-7c74-4d7c-9059-591894eda2df",
            "isActive": false,
            "balance": "$3,258.36",
            "age": 35,
            "eyeColor": "green",
            "firstName": "Rowena",
            "lastName": "Carrillo",
            "company": "GLUID",
            "email": "rowena.carrillo@gluid",
            "phone": "+1 (949) 478-2476",
            "mobile": "(890) 583-3668",
            "address": "416 Falmouth Street, Franklin, North Dakota, 2817",
            "registered": "Monday, January 7, 2019 9:11 PM",
            "latitude": "52.101016",
            "longitude": "47.804708"
        },
        {
            "id": "602380ef87aacc6336ee29ab",
            "guid": "359de802-dd32-4bd8-aca3-6762c1cedcf6",
            "isActive": false,
            "balance": "$1,440.43",
            "age": 32,
            "eyeColor": "blue",
            "firstName": "Latoya",
            "lastName": "Mercer",
            "company": "KINETICUT",
            "email": "latoya.mercer@kineticut",
            "phone": "+1 (837) 531-3083",
            "mobile": "(840) 419-2415",
            "address": "684 Abbey Court, Axis, Michigan, 7788",
            "registered": "Wednesday, April 20, 2016 4:59 AM",
            "latitude": "-72.142335",
            "longitude": "19.429204"
        },
        {
            "id": "602380ef3c47bf3866a404b3",
            "guid": "3c61da47-7898-4de4-bbd7-79d7ac342963",
            "isActive": false,
            "balance": "$1,850.30",
            "age": 20,
            "eyeColor": "brown",
            "firstName": "Wynn",
            "lastName": "Bauer",
            "company": "FURNITECH",
            "email": "wynn.bauer@furnitech",
            "phone": "+1 (862) 443-3275",
            "mobile": "(840) 488-2053",
            "address": "302 Clarkson Avenue, Thermal, Rhode Island, 5672",
            "registered": "Friday, January 11, 2019 11:01 PM",
            "latitude": "40.275483",
            "longitude": "-71.340912"
        },
        {
            "id": "602380effe666fbc0c13144a",
            "guid": "98121bb5-fb8a-410d-9d9a-7735c6ac99bc",
            "isActive": true,
            "balance": "$1,582.55",
            "age": 26,
            "eyeColor": "brown",
            "firstName": "Fuller",
            "lastName": "Richmond",
            "company": "DAISU",
            "email": "fuller.richmond@daisu",
            "phone": "+1 (998) 520-3294",
            "mobile": "(854) 523-3531",
            "address": "479 McDonald Avenue, Waumandee, Utah, 5249",
            "registered": "Sunday, April 21, 2019 12:11 AM",
            "latitude": "-69.198588",
            "longitude": "59.809418"
        },
        {
            "id": "602380ef07062113aceaea73",
            "guid": "adc38114-131f-4688-831a-b312ae174c20",
            "isActive": true,
            "balance": "$1,754.01",
            "age": 28,
            "eyeColor": "blue",
            "firstName": "Freeman",
            "lastName": "Gill",
            "company": "ZOXY",
            "email": "freeman.gill@zoxy",
            "phone": "+1 (903) 483-2950",
            "mobile": "(903) 472-2255",
            "address": "591 Hemlock Street, Lindcove, Alaska, 999",
            "registered": "Tuesday, September 30, 2014 1:22 AM",
            "latitude": "79.950124",
            "longitude": "38.594725"
        },
        {
            "id": "602380ef5a8990ae8ef771b5",
            "guid": "5ca2ba8e-316f-4766-9711-43b84961b177",
            "isActive": true,
            "balance": "$3,099.78",
            "age": 32,
            "eyeColor": "blue",
            "firstName": "Jessica",
            "lastName": "Kent",
            "company": "STROZEN",
            "email": "jessica.kent@strozen",
            "phone": "+1 (986) 455-2790",
            "mobile": "(948) 548-3680",
            "address": "803 Vermont Court, Charco, Puerto Rico, 5787",
            "registered": "Monday, March 21, 2016 11:59 PM",
            "latitude": "-0.617172",
            "longitude": "-79.906916"
        },
        {
            "id": "602380ef91cd49b5620c4411",
            "guid": "abc6e5c9-2039-4ab7-9a1c-81de0a267c9b",
            "isActive": true,
            "balance": "$2,390.47",
            "age": 38,
            "eyeColor": "brown",
            "firstName": "Day",
            "lastName": "Strickland",
            "company": "RONBERT",
            "email": "day.strickland@ronbert",
            "phone": "+1 (819) 550-3345",
            "mobile": "(823) 534-2048",
            "address": "253 Nolans Lane, Woodlands, Vermont, 7491",
            "registered": "Sunday, July 30, 2017 12:27 PM",
            "latitude": "-67.156107",
            "longitude": "-128.644174"
        },
        {
            "id": "602380efb113e27fb9632cc8",
            "guid": "591babda-8602-4b55-8a5b-ad691a5aac67",
            "isActive": false,
            "balance": "$3,664.46",
            "age": 39,
            "eyeColor": "brown",
            "firstName": "Rhodes",
            "lastName": "Lee",
            "company": "EURON",
            "email": "rhodes.lee@euron",
            "phone": "+1 (800) 457-2934",
            "mobile": "(817) 555-2553",
            "address": "534 Alice Court, Oberlin, Iowa, 727",
            "registered": "Friday, December 21, 2018 8:12 AM",
            "latitude": "64.980896",
            "longitude": "66.800158"
        },
        {
            "id": "602380ef067046a69bcb03a3",
            "guid": "d8e30cfc-65e8-47c0-a04e-d003550119b4",
            "isActive": true,
            "balance": "$2,504.17",
            "age": 40,
            "eyeColor": "brown",
            "firstName": "Olga",
            "lastName": "Thornton",
            "company": "ISOSPHERE",
            "email": "olga.thornton@isosphere",
            "phone": "+1 (952) 444-2764",
            "mobile": "(808) 477-2936",
            "address": "889 Graham Avenue, Darbydale, Marshall Islands, 220",
            "registered": "Monday, December 21, 2020 6:43 PM",
            "latitude": "14.606867",
            "longitude": "68.908662"
        },
        {
            "id": "602380efc45d68a3bbd48f12",
            "guid": "f7e0a75b-f5a5-464e-9333-71dab43244c6",
            "isActive": true,
            "balance": "$1,117.50",
            "age": 31,
            "eyeColor": "blue",
            "firstName": "Jo",
            "lastName": "Salinas",
            "company": "SLUMBERIA",
            "email": "jo.salinas@slumberia",
            "phone": "+1 (863) 488-3707",
            "mobile": "(962) 404-2129",
            "address": "651 Hastings Street, Cataract, Arizona, 4948",
            "registered": "Friday, November 11, 2016 11:01 AM",
            "latitude": "-85.780498",
            "longitude": "-127.584421"
        },
        {
            "id": "602380ef5ed210d733ae81b3",
            "guid": "12c19082-5f94-4067-a68f-f18143436c20",
            "isActive": false,
            "balance": "$1,172.63",
            "age": 27,
            "eyeColor": "blue",
            "firstName": "Fernandez",
            "lastName": "Johns",
            "company": "CONFRENZY",
            "email": "fernandez.johns@confrenzy",
            "phone": "+1 (967) 496-2242",
            "mobile": "(966) 542-2268",
            "address": "679 Glenmore Avenue, Wheaton, New Jersey, 8800",
            "registered": "Thursday, March 19, 2020 8:01 PM",
            "latitude": "-2.236587",
            "longitude": "22.148011"
        },
        {
            "id": "602380ef8e107442c5444fa5",
            "guid": "b4003d9b-1ab3-40bb-8176-8692f875e129",
            "isActive": false,
            "balance": "$2,902.65",
            "age": 30,
            "eyeColor": "blue",
            "firstName": "Cherie",
            "lastName": "Joyner",
            "company": "FUTURIZE",
            "email": "cherie.joyner@futurize",
            "phone": "+1 (848) 511-2573",
            "mobile": "(851) 421-3399",
            "address": "439 Dwight Street, Yonah, Palau, 3531",
            "registered": "Saturday, May 9, 2015 2:34 PM",
            "latitude": "37.071854",
            "longitude": "-38.306596"
        },
        {
            "id": "602380ef44228859882bb586",
            "guid": "39a75762-8084-4680-a252-1929fa4f3f10",
            "isActive": false,
            "balance": "$1,395.61",
            "age": 22,
            "eyeColor": "blue",
            "firstName": "Padilla",
            "lastName": "Henson",
            "company": "EZENT",
            "email": "padilla.henson@ezent",
            "phone": "+1 (921) 491-2833",
            "mobile": "(883) 435-2587",
            "address": "924 Branton Street, Chamberino, District Of Columbia, 2419",
            "registered": "Monday, March 11, 2019 4:42 PM",
            "latitude": "-17.14882",
            "longitude": "3.905525"
        },
        {
            "id": "602380ef83d858051fc4bf97",
            "guid": "e7ad282f-e6f6-492e-af03-db1ed6d8adac",
            "isActive": false,
            "balance": "$3,236.25",
            "age": 39,
            "eyeColor": "green",
            "firstName": "Anderson",
            "lastName": "Luna",
            "company": "DANJA",
            "email": "anderson.luna@danja",
            "phone": "+1 (847) 460-2569",
            "mobile": "(969) 415-2508",
            "address": "576 Shale Street, Aguila, New Hampshire, 7514",
            "registered": "Saturday, January 21, 2017 10:13 AM",
            "latitude": "10.68286",
            "longitude": "-141.866325"
        },
        {
            "id": "602380eff6132ed908bdc9d5",
            "guid": "6c7e68ae-9571-4e37-b2e0-0bbab6f75c28",
            "isActive": false,
            "balance": "$2,101.08",
            "age": 36,
            "eyeColor": "green",
            "firstName": "Jeanie",
            "lastName": "Warner",
            "company": "CONJURICA",
            "email": "jeanie.warner@conjurica",
            "phone": "+1 (968) 476-2079",
            "mobile": "(873) 485-3146",
            "address": "369 Barwell Terrace, Hiseville, Colorado, 5569",
            "registered": "Wednesday, February 1, 2017 2:25 AM",
            "latitude": "-63.007759",
            "longitude": "-47.524786"
        },
        {
            "id": "602380ef82f742744f0b3123",
            "guid": "01e3cdf2-bb7b-47ca-8e36-aca7d898bac5",
            "isActive": false,
            "balance": "$1,825.17",
            "age": 39,
            "eyeColor": "brown",
            "firstName": "Sarah",
            "lastName": "Burke",
            "company": "GENEKOM",
            "email": "sarah.burke@genekom",
            "phone": "+1 (957) 586-3683",
            "mobile": "(827) 497-3617",
            "address": "343 Varet Street, Homeland, Minnesota, 3306",
            "registered": "Wednesday, May 13, 2015 11:13 PM",
            "latitude": "31.55189",
            "longitude": "-29.508659"
        },
        {
            "id": "602380efbd25e4eb6d6a61fb",
            "guid": "9bfba259-c273-4761-b850-dac42e0281b3",
            "isActive": true,
            "balance": "$1,650.05",
            "age": 40,
            "eyeColor": "blue",
            "firstName": "Vega",
            "lastName": "Justice",
            "company": "NEOCENT",
            "email": "vega.justice@neocent",
            "phone": "+1 (879) 488-2363",
            "mobile": "(887) 470-3868",
            "address": "326 Harway Avenue, Santel, Virgin Islands, 8506",
            "registered": "Sunday, July 6, 2014 3:20 PM",
            "latitude": "25.056671",
            "longitude": "-85.964223"
        },
        {
            "id": "602380ef46604ebe43e84264",
            "guid": "46f43311-582e-42cc-96a5-6344140c37f3",
            "isActive": true,
            "balance": "$3,763.21",
            "age": 31,
            "eyeColor": "blue",
            "firstName": "Sheena",
            "lastName": "Henry",
            "company": "ZIGGLES",
            "email": "sheena.henry@ziggles",
            "phone": "+1 (833) 573-3012",
            "mobile": "(911) 587-2480",
            "address": "759 Stoddard Place, Zeba, New Mexico, 2405",
            "registered": "Tuesday, March 18, 2014 10:42 PM",
            "latitude": "27.168162",
            "longitude": "-14.690138"
        },
        {
            "id": "602380ef7c17485cbff3ac7d",
            "guid": "d0842191-56e4-42b4-a93a-cd15b964b3d5",
            "isActive": false,
            "balance": "$1,263.23",
            "age": 26,
            "eyeColor": "blue",
            "firstName": "Meyers",
            "lastName": "Hardin",
            "company": "MINGA",
            "email": "meyers.hardin@minga",
            "phone": "+1 (876) 593-2593",
            "mobile": "(864) 403-2719",
            "address": "341 Varick Avenue, Noxen, Delaware, 6249",
            "registered": "Friday, January 17, 2014 8:47 AM",
            "latitude": "47.286436",
            "longitude": "-92.917063"
        }
]
